,Models,MSE,RMSE,R2,ADJ R2,MAPE
0,Neural Network,0.004492923548249607,0.06702927381562183,0.7808183862135828,0.7700153493894987,3496227917509.5444
